date,balance,total_value,positions,avg_prices
2020-02-25,99929.11076835632,99998.93018058776,{'AAPL': 1},{'AAPL': 69.88923164367675}
2020-02-26,99857.11281649016,99998.96686617278,{'AAPL': 2},{'AAPL': 70.44359175491331}
2020-02-27,99723.3989669113,99988.5615035324,{'AAPL': 4},{'AAPL': 68.40025827217102}
2020-02-28,99589.76274004363,99987.27390947723,{'AAPL': 6},{'AAPL': 67.70620999272664}
2020-03-02,99443.7779648056,100023.13770601654,{'AAPL': 8},{'AAPL': 68.90275439929961}
2020-03-03,99302.39784149933,100003.59725861359,{'AAPL': 10},{'AAPL': 69.16021585006713}
2020-03-04,99154.50623885346,100034.97538558197,{'AAPL': 12},{'AAPL': 69.87448009554544}
2020-03-05,99082.44279187013,100005.34470074464,{'AAPL': 13},{'AAPL': 69.96593908691405}
2020-03-06,99011.32309775543,99992.01812033844,{'AAPL': 14},{'AAPL': 69.97692158889768}
2020-03-09,98945.74930349732,99913.38857809448,{'AAPL': 15},{'AAPL': 69.61671310017901}
2020-03-10,98875.52479841614,99982.01039411926,{'AAPL': 16},{'AAPL': 69.59220009899138}
2020-03-11,98740.88421125793,99942.44793196105,{'AAPL': 18},{'AAPL': 69.28421048567029}
2020-03-12,98619.44123387909,99822.6677811203,{'AAPL': 20},{'AAPL': 68.37793830604552}
2020-03-13,98483.56821434783,99965.68930809783,{'AAPL': 22},{'AAPL': 68.29235389328002}
2020-03-16,98365.04618478393,99773.90168405151,{'AAPL': 24},{'AAPL': 67.49807563400267}
2020-03-17,98241.35669281006,99834.72671844483,{'AAPL': 26},{'AAPL': 67.0247425842285}
2020-03-18,98120.67064378357,99794.6013993988,{'AAPL': 28},{'AAPL': 66.51176272201538}
2020-03-19,98000.90164095306,99780.65692812347,{'AAPL': 30},{'AAPL': 66.0366119682312}
2020-03-20,97888.67276348876,99666.5569187622,{'AAPL': 32},{'AAPL': 65.38522614097594}
2020-03-23,97778.80684996033,99627.67850828552,{'AAPL': 34},{'AAPL': 64.74097500116685}
2020-03-24,97658.0189001236,99812.04796811676,{'AAPL': 36},{'AAPL': 64.47169721878899}
2020-03-25,97537.8908349762,99799.06290071107,{'AAPL': 38},{'AAPL': 64.21339907957378}
2020-03-26,97411.49388819124,99916.9273903885,{'AAPL': 40},{'AAPL': 64.13765279521942}
2020-03-27,97290.28865900423,99812.07668390658,{'AAPL': 42},{'AAPL': 63.94550811894735}
2020-03-30,97227.47084902575,99882.98116778185,{'AAPL': 43},{'AAPL': 63.896026766843576}
2020-04-09,97291.35626944354,100019.27184256366,{'AAPL': 42},{'AAPL': 63.896026766843576}
2020-04-13,97356.51524108509,100071.74831145862,{'AAPL': 41},{'AAPL': 63.896026766843576}
2020-04-14,97494.51564316943,100207.73670487598,{'AAPL': 39},{'AAPL': 63.896026766843576}
2020-04-15,97631.24737195972,100181.83494215015,{'AAPL': 37},{'AAPL': 63.896026766843576}
2020-04-16,97769.0734642754,100200.96196830372,{'AAPL': 35},{'AAPL': 63.896026766843576}
2020-04-17,97905.01588306812,100166.82760486988,{'AAPL': 33},{'AAPL': 63.896026766843576}
2020-04-20,98038.11585601428,100118.74606689074,{'AAPL': 31},{'AAPL': 63.896026766843576}
2020-04-21,98167.07074723438,100053.30290208057,{'AAPL': 29},{'AAPL': 63.896026766843576}
2020-04-22,98232.91975538257,100106.565629406,{'AAPL': 28},{'AAPL': 63.896026766843576}
2020-04-23,98298.50967686846,100098.23728459551,{'AAPL': 27},{'AAPL': 63.896026766843576}
2020-04-24,98366.02204379656,100149.12668857195,{'AAPL': 26},{'AAPL': 63.896026766843576}
2020-04-27,98433.58283179857,100149.31826728441,{'AAPL': 25},{'AAPL': 63.896026766843576}
2020-04-28,98500.03229022601,100120.43969989398,{'AAPL': 24},{'AAPL': 63.896026766843576}
2020-04-29,98568.69713663867,100172.59249949268,{'AAPL': 23},{'AAPL': 63.896026766843576}
2020-04-30,98638.83163467029,100205.35711684803,{'AAPL': 22},{'AAPL': 63.896026766843576}
2020-05-01,98707.82092438129,100179.06725464252,{'AAPL': 21},{'AAPL': 63.896026766843576}
2020-05-04,98777.8004871712,100198.81275523761,{'AAPL': 20},{'AAPL': 63.896026766843576}
2020-05-05,98848.84536693958,100219.06830547718,{'AAPL': 19},{'AAPL': 63.896026766843576}
2020-05-06,98920.63355173115,100232.1323768044,{'AAPL': 18},{'AAPL': 63.896026766843576}
2020-05-07,98993.17472118764,100244.62605327992,{'AAPL': 17},{'AAPL': 63.896026766843576}
2020-05-08,99067.46630522542,100273.33752104573,{'AAPL': 16},{'AAPL': 63.896026766843576}
2020-05-11,99219.41894289022,100291.15914674764,{'AAPL': 14},{'AAPL': 63.896026766843576}
2020-05-12,99369.62358969502,100277.75960654073,{'AAPL': 12},{'AAPL': 63.896026766843576}
2020-05-13,99518.0025798531,100265.64517323689,{'AAPL': 10},{'AAPL': 63.896026766843576}
2020-05-14,99667.29929150776,100269.08792676167,{'AAPL': 8},{'AAPL': 63.896026766843576}
2020-05-15,99815.70739680866,100264.38038570026,{'AAPL': 6},{'AAPL': 63.896026766843576}
2020-05-18,99891.17158179096,100273.875210331,{'AAPL': 5},{'AAPL': 63.896026766843576}
2020-05-19,99966.19391780475,100270.58765559772,{'AAPL': 4},{'AAPL': 63.896026766843576}
2020-05-20,100042.6947619286,100275.43002956775,{'AAPL': 3},{'AAPL': 63.896026766843576}
2020-05-21,100118.61776955036,100272.61778480915,{'AAPL': 2},{'AAPL': 63.896026766843576}
2020-05-22,100195.036062336,100272.53185091022,{'AAPL': 1},{'AAPL': 63.896026766843576}
2020-05-26,100270.92993957142,100270.92993957142,{},{}
2020-09-10,100048.67083082203,100269.70890150074,{'AAPL': 2},{'AAPL': 110.6295543746948}
2020-09-11,99829.31661686329,100265.58877262501,{'AAPL': 4},{'AAPL': 109.90333067703246}
2020-09-14,99603.4117761803,100277.45225774769,{'AAPL': 6},{'AAPL': 110.75302723185219}
2020-09-15,99377.15601424793,100277.27893905262,{'AAPL': 8},{'AAPL': 111.22174066543577}
2020-09-16,99157.54834273914,100249.49475387196,{'AAPL': 10},{'AAPL': 110.83815968322752}
2020-09-17,98941.43045513539,100230.84836285023,{'AAPL': 12},{'AAPL': 110.29162370300291}
2020-09-18,98732.13617203907,100188.73955033497,{'AAPL': 14},{'AAPL': 109.41384053802487}
2020-09-21,98409.21964455037,100231.59092903523,{'AAPL': 17},{'AAPL': 109.04178206006216}
2020-09-22,98081.24398583607,100258.90405053334,{'AAPL': 20},{'AAPL': 109.03429768676756}
2020-09-23,97766.98367366414,100166.24680385213,{'AAPL': 23},{'AAPL': 108.43244634379508}
2020-09-24,97554.99892813497,100189.67357260518,{'AAPL': 25},{'AAPL': 108.19724045745846}
2020-09-25,97335.09886552815,100287.29751207356,{'AAPL': 27},{'AAPL': 108.29003977938048}
2020-09-28,97109.97388718037,100356.53950760273,{'AAPL': 29},{'AAPL': 108.5502087031397}
2020-09-29,96997.75947423938,100330.85876317981,{'AAPL': 30},{'AAPL': 108.63901551106768}
2020-10-05,97110.09624984363,100400.1527989159,{'AAPL': 29},{'AAPL': 108.63901551106768}
2020-10-06,97219.18372977832,100304.71870292285,{'AAPL': 28},{'AAPL': 108.63901551106768}
2020-10-07,97330.13908331684,100355.9594492226,{'AAPL': 27},{'AAPL': 108.63901551106768}
2020-10-09,97442.93310385518,100404.5392439919,{'AAPL': 26},{'AAPL': 108.63901551106768}
2020-10-12,97562.95539303975,100591.54120846944,{'AAPL': 25},{'AAPL': 108.63901551106768}
2020-10-13,97797.5791373177,100509.96458195882,{'AAPL': 23},{'AAPL': 108.63901551106768}
2020-10-14,98032.37801451496,100510.7445916634,{'AAPL': 21},{'AAPL': 108.63901551106768}
2020-10-15,98266.2429815865,100499.69361940389,{'AAPL': 19},{'AAPL': 108.63901551106768}
2020-10-16,98496.81970576863,100467.1922338448,{'AAPL': 17},{'AAPL': 108.63901551106768}
2020-10-19,98608.65061719899,100415.7523017693,{'AAPL': 16},{'AAPL': 108.63901551106768}
2020-10-20,98721.9699831429,100438.47697929769,{'AAPL': 15},{'AAPL': 108.63901551106768}
2020-10-28,98612.57272322469,100345.19625838094,{'AAPL': 16},{'AAPL': 108.62390578651426}
2020-10-29,98499.1593128014,100408.27817113881,{'AAPL': 17},{'AAPL': 108.846817823971}
2020-10-30,98392.04305627827,100300.22748926167,{'AAPL': 18},{'AAPL': 108.69511997392439}
2020-11-02,98285.014533886,100297.54392994313,{'AAPL': 19},{'AAPL': 108.55477273278484}
2020-11-03,98068.7017036095,100327.22789532093,{'AAPL': 21},{'AAPL': 108.46921486663817}
2020-11-04,97843.59618439869,100418.23501649097,{'AAPL': 23},{'AAPL': 108.78082745261813}
2020-11-05,97726.56625365833,100508.50265502551,{'AAPL': 24},{'AAPL': 109.08287342294057}
2020-11-11,97842.01241218952,100522.95500099567,{'AAPL': 23},{'AAPL': 109.08287342294057}
2020-11-12,97957.18568104175,100515.55596607593,{'AAPL': 22},{'AAPL': 109.08287342294057}
2020-11-13,98072.40768346027,100515.5128394051,{'AAPL': 21},{'AAPL': 109.08287342294057}
2020-11-16,98188.64320534137,100535.70070045856,{'AAPL': 20},{'AAPL': 109.08287342294057}
2020-11-17,98303.99190436176,100516.83002386859,{'AAPL': 19},{'AAPL': 109.08287342294057}
2020-11-18,98418.01523177722,100490.50761764147,{'AAPL': 18},{'AAPL': 109.08287342294057}
2020-11-19,98532.63302638629,100500.10300471881,{'AAPL': 17},{'AAPL': 109.08287342294057}
2020-11-20,98645.98394643786,100477.43011343005,{'AAPL': 16},{'AAPL': 109.08287342294057}
2020-12-03,98764.79222562793,100563.71533658984,{'AAPL': 15},{'AAPL': 109.08287342294057}
2020-12-04,98882.92807458881,100552.49953149799,{'AAPL': 14},{'AAPL': 109.08287342294057}
2020-12-07,99002.52568664173,100571.86398162464,{'AAPL': 13},{'AAPL': 109.08287342294057}
2020-12-08,99122.73726236347,100578.73216592793,{'AAPL': 12},{'AAPL': 109.08287342294057}
2020-12-09,99240.41507372669,100547.1777614098,{'AAPL': 11},{'AAPL': 109.08287342294057}
2020-12-10,99359.51569334033,100561.72409788135,{'AAPL': 10},{'AAPL': 109.08287342294057}
2020-12-11,99477.80746837238,100552.50814433674,{'AAPL': 9},{'AAPL': 109.08287342294057}
2020-12-14,99595.4852797356,100545.85814350513,{'AAPL': 8},{'AAPL': 109.08287342294057}
2020-12-15,99719.10769443896,100592.3378274956,{'AAPL': 7},{'AAPL': 109.08287342294057}
2020-12-16,99842.66190196613,100590.73522044758,{'AAPL': 6},{'AAPL': 109.08287342294057}
2020-12-17,100092.50496979145,100594.69329376606,{'AAPL': 4},{'AAPL': 109.08287342294057}
2020-12-18,100338.37197615436,100585.48609663776,{'AAPL': 2},{'AAPL': 109.08287342294057}
2020-12-21,100587.29902975849,100587.29902975849,{},{}
2021-02-17,100458.34581068806,100586.17120436481,{'AAPL': 1},{'AAPL': 127.95321907043456}
2021-02-18,100330.49765370564,100583.94052479939,{'AAPL': 2},{'AAPL': 127.40068802642821}
2021-02-19,100202.49303701405,100583.12625387196,{'AAPL': 3},{'AAPL': 127.2686642481486}
2021-02-22,99955.05304133228,100570.53754603199,{'AAPL': 5},{'AAPL': 125.64919768524169}
2021-02-23,99707.88689405445,100568.60768873218,{'AAPL': 7},{'AAPL': 124.9160193862915}
2021-02-24,99461.71818792347,100563.87520849232,{'AAPL': 9},{'AAPL': 124.39787131500242}
2021-02-25,99224.07712017445,100524.3027671471,{'AAPL': 11},{'AAPL': 123.29290087127684}
2021-02-26,98985.907967495,100525.9674004784,{'AAPL': 13},{'AAPL': 122.5685432510376}
2021-03-01,98734.96696148303,100607.65182171253,{'AAPL': 15},{'AAPL': 122.88880455169677}
2021-03-02,98489.24815243152,100567.2799975243,{'AAPL': 17},{'AAPL': 122.82652219570384}
2021-03-03,98249.51431101612,100515.2200986748,{'AAPL': 19},{'AAPL': 122.46235361801949}
2021-03-04,98013.5552825127,100478.16047660449,{'AAPL': 21},{'AAPL': 121.98779748789468}
2021-03-05,97775.07319514087,100503.38888422778,{'AAPL': 23},{'AAPL': 121.70547107033107}
2021-03-08,97546.48785070422,100388.46268133166,{'AAPL': 25},{'AAPL': 121.07244716217039}
2021-03-09,97308.6512140465,100502.75170843127,{'AAPL': 27},{'AAPL': 120.87584502636943}
2021-03-10,97072.98560000231,100472.23775149157,{'AAPL': 29},{'AAPL': 120.63149757779877}
2021-03-11,96833.44734276965,100527.0966805382,{'AAPL': 31},{'AAPL': 120.5436028060913}
2021-03-12,96595.72805662158,100497.69431180957,{'AAPL': 33},{'AAPL': 120.41124161020913}
2021-03-15,96473.47371418383,100592.00282795336,{'AAPL': 34},{'AAPL': 120.43603869337193}
2021-04-07,96597.30187843707,100720.75475166705,{'AAPL': 33},{'AAPL': 120.43603869337193}
2021-04-08,96723.53099779131,100798.93822435381,{'AAPL': 32},{'AAPL': 120.43603869337193}
2021-04-09,96982.14231190874,100880.21009144976,{'AAPL': 30},{'AAPL': 120.43603869337193}
2021-04-12,97237.31819160844,100827.3705597725,{'AAPL': 28},{'AAPL': 120.43603869337193}
2021-04-13,97498.72080952837,100913.369491169,{'AAPL': 26},{'AAPL': 120.43603869337193}
2021-04-14,97755.43881621172,100851.15060820391,{'AAPL': 24},{'AAPL': 120.43603869337193}
2021-04-15,98016.97807713701,100907.8007700081,{'AAPL': 22},{'AAPL': 120.43603869337193}
2021-04-16,98277.85372621538,100899.23159486773,{'AAPL': 20},{'AAPL': 120.43603869337193}
2021-04-19,98540.05669044878,100911.25456642534,{'AAPL': 18},{'AAPL': 120.43603869337193}
2021-04-20,98798.88281639482,100879.57251366045,{'AAPL': 16},{'AAPL': 120.43603869337193}
2021-04-21,99058.4701432686,100884.4073686104,{'AAPL': 14},{'AAPL': 120.43603869337193}
2021-04-22,99315.01242253496,100861.81289860918,{'AAPL': 12},{'AAPL': 120.43603869337193}
2021-04-23,99576.20038106157,100888.4524257393,{'AAPL': 10},{'AAPL': 120.43603869337193}
2021-04-26,99706.68473189166,100891.22843306353,{'AAPL': 9},{'AAPL': 120.43603869337193}
2021-04-27,99836.84703265765,100887.19578754046,{'AAPL': 8},{'AAPL': 120.43603869337193}
2021-04-28,99966.21875821307,100879.7343526955,{'AAPL': 7},{'AAPL': 120.43603869337193}
2021-04-29,100095.49287944415,100877.92003398517,{'AAPL': 6},{'AAPL': 120.43603869337193}
2021-05-06,99967.61538865283,100854.87056901172,{'AAPL': 7},{'AAPL': 121.35624613593606}
2021-05-07,99839.06197542194,100858.46987337116,{'AAPL': 8},{'AAPL': 122.13089202280605}
2021-05-10,99713.80001258472,100831.04043769458,{'AAPL': 9},{'AAPL': 122.36767766885197}
2021-05-11,99589.45889154437,100821.63792291644,{'AAPL': 10},{'AAPL': 122.46502200600119}
2021-05-12,99347.92848607257,100789.66917821125,{'AAPL': 12},{'AAPL': 122.09838546098446}
2021-05-13,99102.0878512154,100814.26012294392,{'AAPL': 14},{'AAPL': 122.1443757420708}
2021-05-14,98851.3884348183,100846.98816626362,{'AAPL': 16},{'AAPL': 122.48254229913037}
2021-05-17,98603.00088302998,100827.26458542256,{'AAPL': 18},{'AAPL': 122.61712380968977}
2021-05-18,98357.39536159138,100801.00696437458,{'AAPL': 20},{'AAPL': 122.58568750065074}
2021-05-19,98234.24935078816,100796.75307393269,{'AAPL': 21},{'AAPL': 122.56475051505892}
2021-05-20,98108.53677299123,100849.47254874806,{'AAPL': 22},{'AAPL': 122.66237902787151}
2021-05-21,97984.6658329659,100807.8742451363,{'AAPL': 23},{'AAPL': 122.6714468973262}
2021-05-24,97859.15897368245,100844.33841704183,{'AAPL': 24},{'AAPL': 122.74792241341459}
2021-06-16,97985.39888545613,100914.84630366902,{'AAPL': 23},{'AAPL': 122.74792241341459}
2021-06-17,98113.24208125692,100950.62977656942,{'AAPL': 22},{'AAPL': 122.74792241341459}
2021-06-18,98239.78504965597,100920.86846945577,{'AAPL': 21},{'AAPL': 122.74792241341459}
2021-06-21,98368.126861332,100957.55252051169,{'AAPL': 20},{'AAPL': 122.74792241341459}
2021-06-22,98498.11110242087,100989.3028748818,{'AAPL': 19},{'AAPL': 122.74792241341459}
2021-06-23,98758.53212845237,100982.83515274436,{'AAPL': 17},{'AAPL': 122.74792241341459}
2021-06-24,99018.3860951577,100976.74920856101,{'AAPL': 15},{'AAPL': 122.74792241341459}
2021-06-25,99277.65349081809,100971.08499411399,{'AAPL': 13},{'AAPL': 122.74792241341459}
2021-06-28,99540.18620309836,100991.0670014382,{'AAPL': 11},{'AAPL': 122.74792241341459}
2021-06-29,99805.74957309348,101006.48547397238,{'AAPL': 9},{'AAPL': 122.74792241341459}
2021-06-30,100072.5448337441,101010.76646765524,{'AAPL': 7},{'AAPL': 122.74792241341459}
2021-07-01,100339.94623813253,101011.62142428975,{'AAPL': 5},{'AAPL': 122.74792241341459}
2021-07-02,100612.60736166769,101023.50994955831,{'AAPL': 3},{'AAPL': 122.74792241341459}
2021-07-06,100889.29628320699,101028.27972742086,{'AAPL': 1},{'AAPL': 122.74792241341459}
2021-07-07,101029.63374713522,101029.63374713522,{},{}
2021-09-17,100885.3393507729,101028.49059589009,{'AAPL': 1},{'AAPL': 143.29439636230467}
2021-09-20,100744.10587360006,101024.29264117818,{'AAPL': 2},{'AAPL': 141.76393676757812}
2021-09-21,100602.39167631917,101024.11254729085,{'AAPL': 3},{'AAPL': 141.41402360534667}
2021-09-22,100315.2148857613,101029.94213490681,{'AAPL': 5},{'AAPL': 142.08377227478027}
2021-09-23,100026.11524531941,101033.45664546589,{'AAPL': 7},{'AAPL': 142.6455002593994}
2021-09-24,99736.83906743245,101032.78592107014,{'AAPL': 9},{'AAPL': 142.97718663363986}
2021-09-27,99593.22164741902,101017.97109810261,{'AAPL': 10},{'AAPL': 142.94120997161866}
2021-09-28,99452.99865542988,100982.92164432148,{'AAPL': 11},{'AAPL': 142.6031901550293}
2021-09-29,99311.8730894051,100991.70005473713,{'AAPL': 12},{'AAPL': 142.39672147750855}
2021-09-30,99033.23165062336,100974.78017357258,{'AAPL': 14},{'AAPL': 141.88586403656006}
2021-10-01,98752.33374620441,100989.28003526691,{'AAPL': 16},{'AAPL': 141.64375005817413}
2021-10-04,98478.32290996175,100932.96579326253,{'AAPL': 18},{'AAPL': 141.07282428741456}
2021-10-05,98200.44667042927,100966.44306935505,{'AAPL': 20},{'AAPL': 140.80935383529663}
2021-10-06,98060.13539444355,100982.74957596211,{'AAPL': 21},{'AAPL': 140.7380167948405}
2021-10-07,97918.55854140095,101008.15970717244,{'AAPL': 22},{'AAPL': 140.73069116973878}
2021-10-08,97777.36434907917,100998.60952730183,{'AAPL': 23},{'AAPL': 140.70736513287088}
2021-10-20,97922.50556767659,101140.83070195394,{'AAPL': 22},{'AAPL': 140.70736513287088}
2021-10-21,98067.86217735677,101144.42754600912,{'AAPL': 21},{'AAPL': 140.70736513287088}
2021-10-22,98358.02848326498,101126.87723814779,{'AAPL': 19},{'AAPL': 140.70736513287088}
2021-10-25,98648.09677327353,101124.65379536826,{'AAPL': 17},{'AAPL': 140.70736513287088}
2021-10-26,98939.49667711263,101134.69115037924,{'AAPL': 15},{'AAPL': 140.70736513287088}
2021-10-27,99229.97626805502,101126.49012303549,{'AAPL': 13},{'AAPL': 140.70736513287088}
2021-10-28,99527.74040675741,101172.58801723104,{'AAPL': 11},{'AAPL': 140.70736513287088}
2021-10-29,99820.08034862143,101141.43143809897,{'AAPL': 9},{'AAPL': 140.70736513287088}
2021-11-01,99964.92785487753,101132.87585292441,{'AAPL': 8},{'AAPL': 140.70736513287088}
2021-11-02,100110.81320164878,101140.03985570151,{'AAPL': 7},{'AAPL': 140.70736513287088}
2021-11-03,100258.13785779197,101148.97663342673,{'AAPL': 6},{'AAPL': 140.70736513287088}
2021-11-04,100404.94357843406,101144.71195001609,{'AAPL': 5},{'AAPL': 140.70736513287088}
2021-11-05,100552.27876785667,101146.21346023948,{'AAPL': 4},{'AAPL': 140.70736513287088}
2021-11-08,100698.79031885153,101141.76794946677,{'AAPL': 3},{'AAPL': 140.70736513287088}
2021-11-09,100845.66466586692,101141.70940463645,{'AAPL': 2},{'AAPL': 140.70736513287088}
2021-11-18,100999.4615725289,101154.41343104941,{'AAPL': 1},{'AAPL': 140.70736513287088}
2021-11-19,101155.88631137474,101155.88631137474,{},{}
2022-01-11,100982.87070235069,101154.71446760948,{'AAPL': 1},{'AAPL': 172.01560902404782}
2022-01-12,100809.41297073753,101153.98386307151,{'AAPL': 2},{'AAPL': 172.2366703186035}
2022-01-18,100641.58497822958,101141.56897175986,{'AAPL': 3},{'AAPL': 170.43377771504717}
2022-01-19,100477.26447224813,101129.89386677938,{'AAPL': 4},{'AAPL': 168.6554597816467}
2022-01-20,100153.00327104575,101121.8180598641,{'AAPL': 6},{'AAPL': 166.3138400548299}
2022-01-21,99832.86856770712,101108.1321175118,{'AAPL': 8},{'AAPL': 164.6272179584503}
2022-01-24,99355.49501074606,101100.4530948525,{'AAPL': 11},{'AAPL': 163.03557278442383}
2022-01-25,98883.54491687399,101079.11645007711,{'AAPL': 14},{'AAPL': 161.7386710357666}
2022-01-26,98411.86008739096,101076.40957164389,{'AAPL': 17},{'AAPL': 160.88389552845675}
2022-01-27,97941.56050712973,101067.09883720786,{'AAPL': 20},{'AAPL': 160.21629021224976}
2022-01-28,97605.86304588706,101283.8571254769,{'AAPL': 22},{'AAPL': 160.86469388580323}
2022-01-31,97261.42131444174,101378.60490819174,{'AAPL': 24},{'AAPL': 161.76937487220766}
2022-02-03,97599.48995692832,101332.97851283652,{'AAPL': 22},{'AAPL': 161.76937487220766}
2022-02-04,97936.98913161093,101325.36925856405,{'AAPL': 20},{'AAPL': 161.76937487220766}
2022-02-07,98273.05501811605,101309.68462627035,{'AAPL': 18},{'AAPL': 161.76937487220766}
2022-02-08,98615.34535631185,101364.4171336556,{'AAPL': 16},{'AAPL': 161.76937487220766}
2022-02-09,98960.48288109213,101385.87094261557,{'AAPL': 14},{'AAPL': 161.76937487220766}
2022-02-10,99297.45188579184,101327.29575786216,{'AAPL': 12},{'AAPL': 161.76937487220766}
2022-02-11,99462.01984045799,101285.0904123574,{'AAPL': 11},{'AAPL': 161.76937487220766}
2022-02-14,99626.82341437157,101286.51884894188,{'AAPL': 10},{'AAPL': 161.76937487220766}
2022-02-15,99795.4657665139,101323.77524527366,{'AAPL': 9},{'AAPL': 161.76937487220766}
2022-02-23,99636.99708429344,101210.11079278954,{'AAPL': 10},{'AAPL': 161.3393056070328}
2022-02-24,99315.80645547874,101235.03100381859,{'AAPL': 12},{'AAPL': 161.13197374041877}
2022-02-25,98990.46446265037,101258.59028662498,{'AAPL': 14},{'AAPL': 161.28040555095677}
2022-02-28,98664.59123843773,101260.9806427346,{'AAPL': 16},{'AAPL': 161.42493137037758}
2022-03-01,98342.49565283592,101229.46894995506,{'AAPL': 18},{'AAPL': 161.3274715293249}
2022-03-02,98013.78921493918,101287.57980331809,{'AAPL': 20},{'AAPL': 161.5800462712288}
2022-03-03,97849.26063060385,101279.93023204428,{'AAPL': 21},{'AAPL': 161.67283379809064}
2022-03-04,97687.74230144125,101215.61766765219,{'AAPL': 22},{'AAPL': 161.62035631465912}
2022-03-07,97530.03112034994,101130.78752904135,{'AAPL': 23},{'AAPL': 161.40691391364388}
2022-03-08,97219.26823674398,101087.43611394125,{'AAPL': 25},{'AAPL': 160.88487614479064}
2022-03-09,96897.6645060311,101221.49104411704,{'AAPL': 27},{'AAPL': 160.84169016046874}
2022-03-10,96584.77678853233,101102.63083821494,{'AAPL': 29},{'AAPL': 160.5039086838426}
2022-03-11,96279.34589174278,100993.31082704551,{'AAPL': 31},{'AAPL': 159.96916931035437}
2022-03-14,95982.00135081871,100866.80147594078,{'AAPL': 33},{'AAPL': 159.25420574378964}
2022-03-15,95675.86210478599,101010.46430815513,{'AAPL': 35},{'AAPL': 158.87222958793637}
2022-03-16,95360.86916527183,101163.93547996909,{'AAPL': 37},{'AAPL': 158.77083716464685}
2022-03-17,95043.84969563682,101200.07313008506,{'AAPL': 39},{'AAPL': 158.73180627504982}
2022-03-18,94881.53456521995,101327.69362283713,{'AAPL': 40},{'AAPL': 158.79638937859534}
2022-03-22,95046.27922288902,101516.7913841439,{'AAPL': 39},{'AAPL': 158.79638937859534}
2022-03-23,95212.38855760581,101568.89978807456,{'AAPL': 38},{'AAPL': 158.79638937859534}
2022-03-24,95553.18661516196,101711.71017473227,{'AAPL': 36},{'AAPL': 158.79638937859534}
2022-03-25,95895.26098302085,101733.36333897788,{'AAPL': 34},{'AAPL': 158.79638937859534}
2022-03-28,96411.46449896629,101761.25061652,{'AAPL': 31},{'AAPL': 158.79638937859534}
2022-03-29,96937.56438914879,101862.08788768394,{'AAPL': 28},{'AAPL': 158.79638937859534}
2022-03-30,97460.15930392845,101827.81791904075,{'AAPL': 25},{'AAPL': 158.79638937859534}
2022-03-31,97973.4469002114,101748.66449054344,{'AAPL': 22},{'AAPL': 158.79638937859534}
2022-04-01,98485.85084428794,101740.66396989829,{'AAPL': 19},{'AAPL': 158.79638937859534}
2022-04-04,99010.41912552268,101816.25579544455,{'AAPL': 16},{'AAPL': 158.79638937859534}
2022-04-05,99525.0320400582,101761.59122890097,{'AAPL': 13},{'AAPL': 158.79638937859534}
2022-04-06,99861.43172938925,101718.98757655722,{'AAPL': 11},{'AAPL': 158.79638937859534}
2022-04-07,100198.44006239707,101721.00012099082,{'AAPL': 9},{'AAPL': 158.79638937859534}
2022-04-08,100364.43157986838,101701.70098904807,{'AAPL': 8},{'AAPL': 158.79638937859534}
2022-04-13,100195.80078340537,101702.97078157432,{'AAPL': 9},{'AAPL': 159.77799016575284}
2022-04-14,100032.19693574912,101656.61099824912,{'AAPL': 10},{'AAPL': 160.06057591480254}
2022-04-18,99706.42207640463,101653.12453001791,{'AAPL': 12},{'AAPL': 160.44838487437565}
2022-04-19,99376.06295598227,101679.27358830649,{'AAPL': 14},{'AAPL': 161.05283849391935}
2022-04-20,99046.03833720785,101675.60572002035,{'AAPL': 16},{'AAPL': 161.48527235558032}
2022-04-21,98717.60744313436,101661.54155568319,{'AAPL': 18},{'AAPL': 161.7330695423762}
2022-04-22,98398.28602174764,101578.32020143514,{'AAPL': 20},{'AAPL': 161.4758336574745}
2022-04-25,98076.82003239827,101598.42431096273,{'AAPL': 22},{'AAPL': 161.36284829540253}
2022-04-26,97767.3164023934,101465.66161723714,{'AAPL': 24},{'AAPL': 160.77026218765576}
2022-04-27,97458.26525078206,101458.92955742269,{'AAPL': 26},{'AAPL': 160.25144015827178}
2022-04-28,97135.30393214803,101638.25943751913,{'AAPL': 28},{'AAPL': 160.30352724103926}
2022-04-29,96824.1279160958,101472.12016463095,{'AAPL': 30},{'AAPL': 159.95582596004485}
2022-05-02,96512.34194621665,101479.9498563729,{'AAPL': 32},{'AAPL': 159.6706483962655}
2022-05-03,96197.56543996054,101526.43717457968,{'AAPL': 34},{'AAPL': 159.5069780863706}
2022-05-04,96033.2434676705,101743.80193935019,{'AAPL': 35},{'AAPL': 159.61597792076114}
2022-05-05,95723.79882603842,101424.32417088705,{'AAPL': 37},{'AAPL': 159.3244288880735}
2022-05-06,95567.84744437033,101450.11767752463,{'AAPL': 38},{'AAPL': 159.20934869807397}
2022-05-09,95417.03880406577,101253.73907567222,{'AAPL': 39},{'AAPL': 158.96830489311222}
2022-05-10,95111.59409953696,101346.47566081626,{'AAPL': 41},{'AAPL': 158.63923403317526}
2022-05-11,94821.93219084556,101021.96319670494,{'AAPL': 43},{'AAPL': 157.9737326523626}
2022-05-12,94399.58429243858,100853.7978544503,{'AAPL': 46},{'AAPL': 156.83083483605597}
2022-05-13,93963.78846551903,101058.35906793602,{'AAPL': 49},{'AAPL': 156.1023312117986}
2022-05-16,93532.63300125512,100981.21246902856,{'AAPL': 52},{'AAPL': 155.36864795465473}
2022-05-17,93090.54185332116,101169.1343063241,{'AAPL': 55},{'AAPL': 154.9138334832001}
2022-05-18,92673.33671155176,100711.93085828028,{'AAPL': 58},{'AAPL': 154.076999712852}
2022-05-19,92266.38743613062,100512.44331381617,{'AAPL': 61},{'AAPL': 153.1543485043698}
2022-05-20,91858.72878810512,100525.44656154262,{'AAPL': 64},{'AAPL': 152.32927979362609}
2022-05-23,91434.75530333338,100871.72615904627,{'AAPL': 67},{'AAPL': 151.82160285916115}
2022-05-24,91018.90975038538,100688.96925966273,{'AAPL': 70},{'AAPL': 151.24132777873993}
2022-05-25,90602.59117544947,100698.58050955592,{'AAPL': 73},{'AAPL': 150.71522629380422}
2022-05-26,90318.28871631251,100931.51770495997,{'AAPL': 75},{'AAPL': 150.4735197144623}
2022-05-27,90022.43974905787,101362.78464346705,{'AAPL': 77},{'AAPL': 150.39432397193912}
2022-05-31,89874.80343684778,101301.00958308802,{'AAPL': 78},{'AAPL': 150.3461443339666}
2022-06-03,90016.74477930079,101034.24564905177,{'AAPL': 77},{'AAPL': 150.3461443339666}
2022-06-06,90159.43339009485,101090.69907613001,{'AAPL': 76},{'AAPL': 150.3461443339666}
2022-06-07,90304.64890565882,101281.78971376429,{'AAPL': 75},{'AAPL': 150.3461443339666}
2022-06-08,90449.1270154458,101225.28329596338,{'AAPL': 74},{'AAPL': 150.3461443339666}
2022-06-13,90318.19959514246,100053.02129619227,{'AAPL': 75},{'AAPL': 150.07389468022498}
2022-06-14,90055.61081407557,100116.7177781869,{'AAPL': 77},{'AAPL': 149.57312833875022}
2022-06-15,89787.76110106288,100317.79473143397,{'AAPL': 79},{'AAPL': 149.16431133033498}
2022-06-16,89402.35794740687,99898.88095766077,{'AAPL': 82},{'AAPL': 148.394923765274}
2022-06-17,89012.52150136195,100018.54811269007,{'AAPL': 85},{'AAPL': 147.732002291734}
2022-06-21,88609.94645358667,100377.71342136011,{'AAPL': 88},{'AAPL': 147.25903684741658}
2022-06-22,88342.2543992959,100331.40768909082,{'AAPL': 90},{'AAPL': 146.94985885403813}
2022-06-23,88068.80873337183,100588.7893852273,{'AAPL': 92},{'AAPL': 146.7166626389946}
2022-06-24,87788.6834819375,100894.46451831446,{'AAPL': 94},{'AAPL': 146.56444908746627}
2022-06-27,87648.12085622034,100893.32509511194,{'AAPL': 95},{'AAPL': 146.49074568356835}
2022-07-07,87791.0159558755,101330.69500250636,{'AAPL': 94},{'AAPL': 146.49074568356835}
2022-07-08,88079.1630123025,101393.2416866189,{'AAPL': 92},{'AAPL': 146.49074568356835}
2022-07-11,88363.04285583887,101195.46824036035,{'AAPL': 90},{'AAPL': 146.49074568356835}
2022-07-12,88648.86948111352,101281.87399771508,{'AAPL': 88},{'AAPL': 146.49074568356835}
2022-07-13,88933.9685631753,101248.54366693506,{'AAPL': 86},{'AAPL': 146.49074568356835}
2022-07-14,89224.92756314478,101499.48011441431,{'AAPL': 84},{'AAPL': 146.49074568356835}
2022-07-15,89519.2295607644,101638.730964573,{'AAPL': 82},{'AAPL': 146.49074568356835}
2022-07-18,89807.43560965356,101387.25738699731,{'AAPL': 80},{'AAPL': 146.49074568356835}
2022-07-19,90103.3697930337,101695.39497003565,{'AAPL': 78},{'AAPL': 146.49074568356835}
2022-07-20,90403.31555530176,101850.70190784082,{'AAPL': 76},{'AAPL': 146.49074568356835}
2022-07-21,90707.80385910424,102022.1854814187,{'AAPL': 74},{'AAPL': 146.49074568356835}
2022-07-22,91009.81435754785,101929.11159875878,{'AAPL': 72},{'AAPL': 146.49074568356835}
2022-07-25,91309.58308145532,101847.02586099633,{'AAPL': 70},{'AAPL': 146.49074568356835}
2022-07-26,91606.69717505273,101752.72238257226,{'AAPL': 68},{'AAPL': 146.49074568356835}
2022-07-27,91914.01711703882,102098.75994540796,{'AAPL': 66},{'AAPL': 146.49074568356835}
2022-07-28,92222.43834311304,102133.82896811304,{'AAPL': 64},{'AAPL': 146.49074568356835}
2022-07-29,92541.00636413966,102457.53154114161,{'AAPL': 62},{'AAPL': 146.49074568356835}
2022-08-01,92857.60793927393,102395.19277814112,{'AAPL': 60},{'AAPL': 146.49074568356835}
2022-08-02,93171.25983032618,102305.29870972071,{'AAPL': 58},{'AAPL': 146.49074568356835}
2022-08-03,93660.28977190028,102653.16490922938,{'AAPL': 55},{'AAPL': 146.49074568356835}
2022-08-04,94148.37578834925,102634.35271706019,{'AAPL': 52},{'AAPL': 146.49074568356835}
2022-08-05,94635.7824768716,102621.07701727687,{'AAPL': 49},{'AAPL': 146.49074568356835}
2022-08-08,95121.77133415615,102596.40844963466,{'AAPL': 46},{'AAPL': 146.49074568356835}
2022-08-09,95607.90790124904,102597.18797632228,{'AAPL': 43},{'AAPL': 146.49074568356835}
2022-08-10,96106.80476655971,102778.76826753627,{'AAPL': 40},{'AAPL': 146.49074568356835}
2022-08-11,96437.5923977853,102747.86766633998,{'AAPL': 38},{'AAPL': 146.49074568356835}
2022-08-12,96775.48878837978,102881.73006035243,{'AAPL': 36},{'AAPL': 146.49074568356835}
2022-08-15,97286.05299078762,102918.89205633938,{'AAPL': 33},{'AAPL': 146.49074568356835}
2022-08-16,97796.1446590005,102912.17737384426,{'AAPL': 30},{'AAPL': 146.49074568356835}
2022-08-17,98310.72611088955,102955.60405583584,{'AAPL': 27},{'AAPL': 146.49074568356835}
2022-08-18,98824.12597577297,102943.44421307766,{'AAPL': 24},{'AAPL': 146.49074568356835}
2022-08-19,99160.88026010524,102879.89640390407,{'AAPL': 22},{'AAPL': 146.49074568356835}
2022-08-22,99489.85631970607,102792.91997937404,{'AAPL': 20},{'AAPL': 146.49074568356835}
2022-08-23,99818.16279199612,102784.88776758205,{'AAPL': 18},{'AAPL': 146.49074568356835}
2022-08-24,99982.11140202725,102789.04470586026,{'AAPL': 17},{'AAPL': 146.49074568356835}
2022-08-29,99821.89988985074,102684.84416475309,{'AAPL': 18},{'AAPL': 147.19745493317643}
2022-08-30,99664.12521454251,102639.86830231106,{'AAPL': 19},{'AAPL': 147.70151916344227}
2022-08-31,99352.91037186062,102606.9122181741,{'AAPL': 21},{'AAPL': 148.40684318034704}
2022-09-01,99040.2355134927,102620.91570453274,{'AAPL': 23},{'AAPL': 149.0529810937047}
2022-09-02,98578.08650119412,102570.7186423074,{'AAPL': 26},{'AAPL': 149.59106067129966}
2022-09-06,98119.72588043606,102536.46181183255,{'AAPL': 29},{'AAPL': 149.8871792486844}
2022-09-07,97657.13289738857,102575.87264348232,{'AAPL': 32},{'AAPL': 150.26003691435415}
2022-09-08,97198.97939271938,102527.10881776821,{'AAPL': 35},{'AAPL': 150.44213388367206}
2022-09-09,96732.21329541408,102626.02338452541,{'AAPL': 38},{'AAPL': 150.82212587457423}
2022-09-12,96408.745397709,102851.6604367715,{'AAPL': 40},{'AAPL': 151.34271702347246}
2022-09-13,96104.19978473293,102472.28956744778,{'AAPL': 42},{'AAPL': 151.36319747416601}
2022-09-14,95796.75366061795,102531.83331149686,{'AAPL': 44},{'AAPL': 151.44773677340825}
2022-09-15,95495.1085282327,102403.03864297879,{'AAPL': 46},{'AAPL': 151.39881631337428}
2022-09-16,95196.75846619045,102326.03068298733,{'AAPL': 48},{'AAPL': 151.28532525953028}
2022-09-19,94890.94999493801,102503.54917706692,{'AAPL': 50},{'AAPL': 151.3300816741979}
2022-09-20,94580.3666730386,102621.49191717923,{'AAPL': 52},{'AAPL': 151.46321933864058}
2022-09-21,94276.05786890042,102457.2144240762,{'AAPL': 54},{'AAPL': 151.47030018050916}
2022-09-22,94124.37026823818,102403.90876616299,{'AAPL': 55},{'AAPL': 151.45606928017682}
2022-09-23,93974.96163188564,102277.54268657314,{'AAPL': 56},{'AAPL': 151.40165083504044}
2022-09-26,93825.21756216824,102295.15959402859,{'AAPL': 57},{'AAPL': 151.35502660490653}
2022-09-27,93674.49680873501,102349.62537929165,{'AAPL': 58},{'AAPL': 151.32684948125691}
2022-09-28,93525.6702663461,102238.72321434415,{'AAPL': 59},{'AAPL': 151.26752224240366}
2022-09-29,93243.5393185922,101809.46729710783,{'AAPL': 61},{'AAPL': 150.91663541074956}
2022-09-30,92969.85336134733,101550.87998793424,{'AAPL': 63},{'AAPL': 150.453979639692}
2022-10-03,92687.781646351,101813.48667869963,{'AAPL': 65},{'AAPL': 150.14880665072207}
2022-10-04,92398.50800395597,102046.02750468839,{'AAPL': 67},{'AAPL': 149.96934439838736}
2022-10-05,92108.64240056241,102064.54981023038,{'AAPL': 69},{'AAPL': 149.80886489979}
2022-10-06,91820.69078810514,101997.29642470182,{'AAPL': 71},{'AAPL': 149.63046888088428}
2022-10-07,91543.27564152922,101622.34941777434,{'AAPL': 73},{'AAPL': 149.31751283724262}
2022-10-10,91265.20936229339,101644.8152277719,{'AAPL': 75},{'AAPL': 149.02992955139402}
2022-10-11,90989.98442253508,101537.09749016204,{'AAPL': 77},{'AAPL': 148.72038514432273}
2022-10-12,90716.02227995696,101487.25567839446,{'AAPL': 79},{'AAPL': 148.41052909735413}
2022-10-13,90432.8850168344,101848.02902928558,{'AAPL': 81},{'AAPL': 148.2292476767103}
2022-10-14,90158.84390742889,101478.7300616037,{'AAPL': 83},{'AAPL': 147.9471104966151}
2022-10-17,89876.85109816375,101807.11522780242,{'AAPL': 85},{'AAPL': 147.77179977040225}
2022-10-18,89734.03269414154,101918.23124150482,{'AAPL': 86},{'AAPL': 147.7025742384466}
2022-10-25,89883.0253735849,102645.16526616302,{'AAPL': 85},{'AAPL': 147.7025742384466}
2022-10-26,90176.12285792938,102393.38572108856,{'AAPL': 83},{'AAPL': 147.7025742384466}
2022-10-27,90460.26062199798,102019.89970586028,{'AAPL': 81},{'AAPL': 147.7025742384466}
2022-10-28,90765.94121376434,102891.95059791961,{'AAPL': 79},{'AAPL': 147.7025742384466}
2022-10-31,91066.8957928659,102703.78397645964,{'AAPL': 77},{'AAPL': 147.7025742384466}
2022-11-01,91362.55324519743,102498.34349788298,{'AAPL': 75},{'AAPL': 147.7025742384466}
2022-11-02,91647.14383357634,102081.63480037321,{'AAPL': 73},{'AAPL': 147.7025742384466}
2022-11-03,91782.88389450469,101638.02342087188,{'AAPL': 72},{'AAPL': 147.7025742384466}
2022-11-07,91644.60325735869,101656.07829397978,{'AAPL': 73},{'AAPL': 147.5598079769062}
2022-11-08,91367.89560467924,101696.60387189116,{'AAPL': 75},{'AAPL': 147.3009817999146}
2022-11-09,91100.33866461577,101352.52866705718,{'AAPL': 77},{'AAPL': 146.9367607150269}
2022-11-10,90809.06503839507,102263.41892023101,{'AAPL': 79},{'AAPL': 146.89119242123766}
2022-11-11,90660.1316082193,102482.9831707193,{'AAPL': 80},{'AAPL': 146.90422039316945}
2022-11-16,90805.87201950469,102409.96860763946,{'AAPL': 79},{'AAPL': 146.90422039316945}
2022-11-17,90953.51585992827,102559.34123834624,{'AAPL': 78},{'AAPL': 146.90422039316945}
2022-11-18,91101.72182077423,102602.08116525665,{'AAPL': 77},{'AAPL': 146.90422039316945}
2022-11-21,91246.69293681732,102351.60266582122,{'AAPL': 76},{'AAPL': 146.90422039316945}
2022-11-22,91393.80415304961,102513.2648311502,{'AAPL': 75},{'AAPL': 146.90422039316945}
2022-11-23,91541.7931679727,102578.01649560942,{'AAPL': 74},{'AAPL': 146.90422039316945}
2022-11-25,91686.8629249002,102360.62894662871,{'AAPL': 73},{'AAPL': 146.90422039316945}
2022-12-08,91544.89632397857,101966.00368481841,{'AAPL': 74},{'AAPL': 146.82398229220271}
2022-12-09,91403.41391037383,101929.06927536406,{'AAPL': 75},{'AAPL': 146.7394280430365}
2022-12-12,91116.8440188333,102100.30138577666,{'AAPL': 77},{'AAPL': 146.63671421776968}
2022-12-13,90972.09066788116,102173.65048233428,{'AAPL': 78},{'AAPL': 146.5997480220566}
2022-12-14,90829.57064238373,101998.48374358001,{'AAPL': 79},{'AAPL': 146.53544773693483}
2022-12-15,90693.68143236176,101474.03787767426,{'AAPL': 80},{'AAPL': 146.3898697654978}
2022-12-16,90559.75875600068,101315.73956044404,{'AAPL': 81},{'AAPL': 146.2236081185297}
2022-12-19,90297.14290932099,101143.35433510224,{'AAPL': 83},{'AAPL': 145.85214583470596}
2022-12-20,90034.66538441865,101136.35849965303,{'AAPL': 85},{'AAPL': 145.49653681391695}
2022-12-21,89632.11063585298,101399.2827549936,{'AAPL': 88},{'AAPL': 145.09954974714336}
2022-12-22,89369.77146327608,101118.28571498506,{'AAPL': 90},{'AAPL': 144.77888389250575}
2022-12-23,89108.16352046601,101084.15290034882,{'AAPL': 92},{'AAPL': 144.46421188190843}
2022-12-27,88850.17241109101,100916.68803609101,{'AAPL': 94},{'AAPL': 144.1244532181976}
2022-12-28,88600.06712460725,100545.17576718537,{'AAPL': 96},{'AAPL': 143.71670717702435}
2022-12-29,88214.82553982941,100882.1305325052,{'AAPL': 99},{'AAPL': 143.24288357345625}
2022-12-30,87957.03204608551,100912.14836383454,{'AAPL': 101},{'AAPL': 142.9489006684759}
